15572c8d-09e1-426a-803a-12f2d7083c55|Revenue dans mes bras
780d74a4-ba36-452e-a244-9bc68aaa40b5|Plaster sur l'âme
56aac3c7-132e-43fd-be42-6be4da461872|J'ai cru à nous
5f2bba94-9043-49c1-9eb3-a68ec90178fa|L’amour de ma vie
95a3eded-dc54-48ea-bdf1-271d31f0f37c|l'au-delà
0fbf1949-17d3-4f69-ad1b-5c154983a158|Merci Guylaine (Rock Bar Version)
e38df5a6-c34c-4609-aa82-58763ec78227|Le langage du corps (Rock Dur 80-90)
98857eb2-d549-4269-8108-03665db41041|Qu’une maman, un seul papa (Country Relax Slow Version)
59f4483f-8947-4af7-b0f7-70d1c91f9e9b|J'ai l'goût d'jouer avec vous (Remastered)
2f73607e-0010-4e09-a430-9d83f807ad75|Bonjour Sébas, Bonjour Julie
f172529f-5c7e-481e-be7b-47ef2fefeae5|Un verre de trop au Soleil
d0dc0f91-4134-47e2-a8b8-c8dca62b1588|Acoustic Guitar Love Take
b4dfad12-4bd5-4069-aff0-b9fa7cc38ac8|Moi, j’aime tout le monde
e937c76e-89c3-4c23-bc7b-7775050a65d2|Quand tu es là
2dc149a5-de53-44e8-b4e9-91c2da8a779d|J'ai le goût de danser
6ec6c1f0-77e0-4b71-9693-118b307eb29c|À cœur ouvert
9a06a20d-9d5c-462e-9a57-8d4e562afb84|Je t'aime sans vouloir (Remix)
261d9c54-c76a-4826-a4e8-cd5167e16f2f|Untitled Project
2f1ba495-b9d1-456b-a06c-7c33f6c54533|Huit ans à deux
86dc3614-42f6-4074-813a-6b9013748f79|Le Gros Nounours
da14b298-ff63-4dc8-9582-8de31d469750|Nowisse
92f7ba5d-1bee-4d0c-a7c2-e22fe3178869|Au Mel et Julie
0110f929-6e43-4622-a1db-22026ac50a35|Les braises du Soleil Levant
e6691a15-5660-4ad6-b276-9b9cf8a79944|Bienvenue au Soleil Levant
df57aa8e-4a18-4f57-9e8a-9f6c5ceb0e66|Derrière le dossier
3781a41c-de9d-4d85-8906-de63063189cc|baseball
201d46c3-e1c4-499b-aec8-8d6a71f6ef2e|camping
2fd0f9b0-7f4c-470b-b060-d80342b40d2c|en bateaux
b5273cdc-2de9-4910-89f1-b2adeba9d70c|motard dans l ame
de077289-c956-40ef-a7f5-5e85f9f899d5|chanel
b55cb736-daa4-42ae-9315-eeb9fad75601|je suis nowis
d5adbda6-9822-4c34-bfb2-48413d30cc2a|je t aime
87f61de7-45ab-41b9-8c1f-e870c85f359b|quebecois
35262a92-d51e-4309-a93b-e175942f4600|ange
fb30a4ef-0af1-4078-80f1-aaeb6531d7e8|Caya
c569ee8e-6ea0-4749-9806-4b0b606a896f|Soleil Levant
646598d2-79ba-441c-b8de-8cd5312ba31f|Qu’une maman, un seul papa (Country Relax Slow Version)
cca3a65e-a824-4081-ac05-b46e46632f5c|Quand le monde était a nous
9aa15b8e-fcd8-47ae-8ff9-e5fbf7db519e|Chemins Croches
d3f4761f-7607-4be5-b6d0-334f588dd085|J'ai le gout de jouer
e42f71bc-6099-4bfe-98cb-31a5b3a0aa47|Museau Ventux
8b6d7e88-30c7-4547-bfae-98c510e7c2db|Je me ferai pas avoir
b7925a95-dcad-4018-82f4-4dfd860be4fc|metier
9da6536b-7809-4a4f-ae03-4f4b153dc20b|parent
e9949835-2e2c-4539-8519-652ed32834f8|zizi
fedf6956-5397-49c4-a406-5cca0feccf92|Mimi avec les anges
b0e5fbe1-3466-45f4-a15c-fbc03a3350ff|Serge et Nicole
707673b2-e18a-4ef9-9a7c-1d2707e94a9b|Nicole
7edaa78c-23dc-4d45-a68e-286bc04e9ae7|Go Habs Go
bc56d32b-f44c-4018-a0a2-34980e144544|Les feux de l’horloge
3b0011fa-7fad-4230-bf1c-943edf2a04b7|Louise du Soleil Levant (Country Pop)
27aada72-fb16-4f38-bc97-f1aa574442c3|Mon père, c’est le plus fort
90cbb11f-ac18-4e13-bbdf-9db1f56fa53a|pardon m'man
a0458dd4-2966-469c-97e1-6cbb08745aae|aime moi
f90777e6-abf8-4601-8119-b36e7b30e7b2|Guitare Boulons SEMO
d5f4e047-0452-49c2-8cf7-cf22a6da3487|je prend mon temps (Cover)
c169d3b5-0e15-443d-97fc-4aede6edf788|bonne fête des meres
637f4617-1b30-4ebc-adf5-08c8c25c38b5|Tambours Caraïbes
923875b1-cb0e-4838-bef8-a05fc602c964|Un vieux refrain
c500e143-b281-42f5-8117-f556ea881a22|Mes petit soleil
38b0344d-cb5a-4e02-bf04-af69621b7dba|Bonne fête Stéphanie
f2c3ccb7-bf77-4e12-bef9-d01e7898389d|Mayo Baskèt Dousan
0904a856-b4ab-40d5-b305-3cae65fb5a70|jean-paul
45759fb5-37df-4690-9b28-8924e4dde670|Dis oui à la vie
a48f89c1-5d4c-4a5f-a26e-5ff5c63ebe4c|merci pour vos yeux émerveiller
154bef61-5bff-46ed-9f1b-97b54af78d3e|merci pour vos yeux émerveiller
9e36ec6a-51d9-467e-97cf-8950dd07149d|placement
1f7249dd-8943-4cd3-bf37-93e5b449dd33|L’parking a 2 heures
3dc7246d-8091-4b53-9ad7-17e44c4bd64a|frères de bruit
1ae4da19-ae6c-4faa-949a-8d14efd7eb35|seul mais marié
7ac3be97-d7a2-46f6-ab24-a562a96c858a|🎤 Titre : Entre deux refrains
f1e37bdd-ed77-4e0f-b308-78040d46d55c|Tape à Mesurer Tremble
a8140b0f-64d7-4782-a349-28b5c441301f|Guitare à l’IA
50f22589-29a8-459a-924a-c2dfc3c6f7e3|thérian
423654c1-b46a-46d5-a693-6ba0f8d466be|Pas Tous du Même Bord
9667f48b-f86c-4432-be26-e58240cded99|Ailes baissées
8793cda8-ab44-4646-a140-9fb02b54b0fe|retrouvaille
52ef2f0e-03dc-43bd-bde2-945b665a6c5b|Soleil après-soir (Remix)
a5b7f17a-c828-447f-ace9-2ab33b39d0c1|simon et melo 2
3214127b-162b-43ec-ab78-53678c259eb0|Demain Sera Mieux (Remix)
76b03529-21a8-4402-8b75-9a82cfcd4452|Quand la guitare se met à jouer
deb34d6e-d477-4e2d-a68f-10a0701d620b|mon papa , mon ami  (Remix)
c981120c-4600-46f8-90e5-bd6971bc52b6|Un père et sa fille
3c9c17a9-7dab-46af-afd8-0ea72cd1108c|marraine
494011f7-7887-4660-83a0-fde88c7beaab|les Morin
d9d447d5-7fc5-4d5b-a980-53356bc114e4|L'amour qu'on aura jamais
fa772b82-3805-4b92-ac65-ff50fddbe48a|Ce monstre en moi
06a1ea4d-c969-4617-97c3-bdfc4a175da0|3 mois devant
a89682bb-a93a-46ae-9528-a332ccee8757|Tant qu'on est ensemble
cd2ca272-e89b-43bb-9253-2a0c74b01634|Encore là
6db3840d-e0a2-4db9-bfae-ecd602262671|Autour de la table
a4f44edb-54d1-46b9-a20c-35269f5d5be2|T'es plus que tout ça
5ec7be56-ea78-4a64-967b-7c3aeba6bb1e|Les mains propres
8377894d-c8ff-4461-bb5a-f14ece76592a|on n'est la pour toi
230abcb4-2ec7-49fa-b9da-f9f4cd9b4475|on oublie sa a soir
f4a88f2a-8465-4bb5-afbf-7613ffa59d4a|seul
e9b638b6-f246-4c52-b250-3b62668ed04c|Ta beauté
cb487bd3-638f-41e1-a603-d335b30345dd|tout croche
440511c0-77ec-484e-a5fd-0dcea2ddd386|superbowl
9a264a94-98cc-40fd-b54c-f4222ba9764c|printemps va rugir
11863b47-a7a6-4940-abf1-72149527d4cf|roule roule
7ec62a0c-4fc6-4bbe-895f-a4f1b88f3c53|l'amour nous retient
af560d69-5826-42ac-9cc5-3d0cd30ed50e|Titre : “On me regarde passer”
750cdfb2-7b68-45a8-9e5c-a9f54d3da227|boxing day
2ead23a4-1990-4152-a907-fc619ff9bdea|création Nowis
cb3d4d8b-2a54-4023-9913-5e648d457aec|J'ai besoin de mes chums
630bb116-e203-484c-b619-89c67e3ebac8|on n aime l'argent
eebfbf7a-122f-44a9-b373-06ba75df1a70|systeme de la santé (Cover)
bde26a0b-7b53-41b8-b104-639f9b9cac35|j ai besoin de mes chum
c315e5c7-4058-40ff-bb1f-094c395cf605|J’ai le goût de danser (Cover)
2f8b168d-be10-4130-a00f-f1e23996b094|tu es la musique
c69fae12-5fc7-406a-bcc5-e2aacbf83200|La semaine est longue, j’suis resté pris
e953e7a8-c783-4f38-a76f-da9b8577375e|La plage en chaleur
b0aee8cc-3f5f-41d7-8774-77194ba60faa|plancher rousseau rodier
12d10b1b-848f-4775-9fde-c47055c96da2|la vie est compliquer (Cover)
6df0ffd9-0e66-4213-9ec2-b9b5352b5a88|monde des atomes
5367c193-23c0-4973-818e-f26cb43ea98c|petite misere
1f640701-bed8-41e5-a878-7bae92baca0c|Chanson ÇA VA BIEN ALLER _ NOWIS (Cover)
4fefb41f-b96a-42bd-8d2b-8f8f2768a5db|Jour D'éveil
563f7d5b-8717-4d58-b0dd-e7e6fd1db86e|la vie est belle
9a2cc55a-005c-41f4-a88e-bba41dc0954e|Je spawn encore dans mon petit coin de p
89d87e42-5d05-4f32-b606-491cd0b82574|Isa
aaa82d4d-1689-4ad9-80a1-f52bc5763c1b|lutin (Cover)
c2544548-58b8-47b3-b15f-ba20413380b1|j't'allé a dorémi (Cover)
1adb3310-8c69-4310-b9e4-c321bdc8f3b8|moi et ma soeur
ba7b9484-fffb-4c04-a0d3-d2e1e8aed37f|Verre cassé
465bd12c-063a-4d57-b397-a4955e0c594e|1 2 3 bébé est la
ec5c9b02-233e-42ea-9863-ebb847ce94e7|je leve le son
64778813-2f20-4203-a6f5-b82aa38fd084|pas besoin de voir (Cover)
4b077b02-75f1-438a-b761-727d4f7cfbf5|je suis tomber amoureux (Cover)
6a7e0394-635b-4c67-a10a-8ebcbb985b7b|j'ai le gout de te voir
8aa8c82e-6031-4cca-a4e8-80f7c4043f85|je leve le son
674ed709-9f4d-43a2-a247-d96e3f991c48|j ai le gout de brailler
cee50495-cd63-4fd4-8a4b-055584dab636|je suis tomber amoureux nowis
94116726-0047-4e98-8bc7-004bc23a655c|encore encore
4947833e-a4cc-4b5a-a90a-dda7994b5195|merci la vie
f9cc58b4-b26c-43f4-97a9-9d5065223330|Je vais t aimer toujours
5d265aa0-09a7-45cb-8658-670909bd4730|je leve le son(Cover)
93336a6e-2c4e-4995-b803-8db8db1c0ca5|bon dieu
52be288b-30fe-4b64-84fe-9e326f722659|je prend mon temps (Cover)
cd77f48b-0978-4737-bb85-f3b1323d521d|roblox
